{"cameraMode":{"drawMode":0,"name":"Shaded","section":"Shading Mode"},"sceneLighting":true,"audioPlay":false,"sceneViewState":{"showFog":true,"showMaterialUpdate":false,"showSkybox":false,"showFlares":true,"showImageEffects":true,"showParticleSystems":true},"in2DMode":false,"pivot":{"x":11.539115905761719,"y":5.714672088623047,"z":6.197288990020752},"rotation":{"x":0.3675098121166229,"y":-0.02733478508889675,"z":0.010807937942445279,"w":0.929557204246521},"size":21.846290588378908,"orthographic":false}