{"cameraMode":{"drawMode":0,"name":"Shaded","section":"Shading Mode"},"sceneLighting":true,"audioPlay":false,"sceneViewState":{"showFog":true,"showMaterialUpdate":false,"showSkybox":false,"showFlares":true,"showImageEffects":true,"showParticleSystems":true},"in2DMode":false,"pivot":{"x":7.3570170402526859,"y":3.089113235473633,"z":25.318439483642579},"rotation":{"x":0.3675098121166229,"y":-0.02733478508889675,"z":0.010807937942445279,"w":0.929557204246521},"size":27.871191024780275,"orthographic":false}