{"cameraMode":{"drawMode":0,"name":"Shaded","section":"Shading Mode"},"sceneLighting":true,"audioPlay":false,"sceneViewState":{"showFog":true,"showMaterialUpdate":false,"showSkybox":false,"showFlares":true,"showImageEffects":true,"showParticleSystems":true},"in2DMode":false,"pivot":{"x":21.298118591308595,"y":-15.3228759765625,"z":14.171722412109375},"rotation":{"x":-0.5845339298248291,"y":0.002918620128184557,"z":-0.0021027210168540479,"w":-0.811362087726593},"size":65.93634033203125,"orthographic":false}