{"cameraMode":{"drawMode":0,"name":"Shaded","section":"Shading Mode"},"sceneLighting":false,"audioPlay":false,"sceneViewState":{"showFog":true,"showMaterialUpdate":false,"showSkybox":false,"showFlares":true,"showImageEffects":true,"showParticleSystems":true},"in2DMode":false,"pivot":{"x":7.288000106811523,"y":0.05999999865889549,"z":6.489999771118164},"rotation":{"x":0.08544496446847916,"y":-0.9144920706748962,"z":0.27389228343963625,"w":0.28529036045074465},"size":1.8000571727752686,"orthographic":false}