{"cameraMode":{"drawMode":0,"name":"Shaded","section":"Shading Mode"},"sceneLighting":true,"audioPlay":false,"sceneViewState":{"showFog":true,"showMaterialUpdate":false,"showSkybox":false,"showFlares":true,"showImageEffects":true,"showParticleSystems":true},"in2DMode":false,"pivot":{"x":13.113606452941895,"y":0.4040946960449219,"z":14.02104663848877},"rotation":{"x":0.5209841728210449,"y":-0.03071443922817707,"z":0.01876349374651909,"w":0.8528097867965698},"size":48.93106460571289,"orthographic":false}