{"cameraMode":{"drawMode":0,"name":"Shaded","section":"Shading Mode"},"sceneLighting":true,"audioPlay":false,"sceneViewState":{"showFog":true,"showMaterialUpdate":false,"showSkybox":false,"showFlares":true,"showImageEffects":true,"showParticleSystems":true},"in2DMode":false,"pivot":{"x":1.2995938062667847,"y":1.4794340133666993,"z":1.6183438301086426},"rotation":{"x":0.3675098121166229,"y":-0.02733478508889675,"z":0.010807937942445279,"w":0.929557204246521},"size":4.410340785980225,"orthographic":false}