{"cameraMode":{"drawMode":0,"name":"Shaded","section":"Shading Mode"},"sceneLighting":false,"audioPlay":false,"sceneViewState":{"showFog":true,"showMaterialUpdate":false,"showSkybox":false,"showFlares":true,"showImageEffects":true,"showParticleSystems":true},"in2DMode":false,"pivot":{"x":7.288000106811523,"y":4.380000114440918,"z":2.5999999046325685},"rotation":{"x":0.060476094484329227,"y":0.11205501109361649,"z":-0.006832399405539036,"w":0.9918393492698669},"size":22.0,"orthographic":true}