{"cameraMode":{"drawMode":0,"name":"Shaded","section":"Shading Mode"},"sceneLighting":true,"audioPlay":false,"sceneViewState":{"showFog":true,"showMaterialUpdate":false,"showSkybox":false,"showFlares":true,"showImageEffects":true,"showParticleSystems":true},"in2DMode":false,"pivot":{"x":26.05815887451172,"y":20.835193634033204,"z":54.16015625},"rotation":{"x":0.5107660889625549,"y":-0.028360234573483468,"z":0.016861358657479287,"w":0.859088659286499},"size":33.5734748840332,"orthographic":false}