{"cameraMode":{"drawMode":0,"name":"Shaded","section":"Shading Mode"},"sceneLighting":true,"audioPlay":false,"sceneViewState":{"showFog":true,"showMaterialUpdate":false,"showSkybox":false,"showFlares":true,"showImageEffects":true,"showParticleSystems":true},"in2DMode":false,"pivot":{"x":19.171648025512697,"y":4.455867767333984,"z":19.591876983642579},"rotation":{"x":0.5970979928970337,"y":0.006016121711581945,"z":-0.004478349816054106,"w":0.8021354675292969},"size":65.2579574584961,"orthographic":false}