{"cameraMode":{"drawMode":0,"name":"Shaded","section":"Shading Mode"},"sceneLighting":true,"audioPlay":false,"sceneViewState":{"showFog":true,"showMaterialUpdate":false,"showSkybox":false,"showFlares":true,"showImageEffects":true,"showParticleSystems":true},"in2DMode":false,"pivot":{"x":21.672992706298829,"y":-5.701018810272217,"z":15.061367988586426},"rotation":{"x":0.08544496446847916,"y":-0.9144920706748962,"z":0.27389228343963625,"w":0.28529036045074465},"size":20.14187240600586,"orthographic":false}