{"cameraMode":{"drawMode":0,"name":"Shaded","section":"Shading Mode"},"sceneLighting":false,"audioPlay":false,"sceneViewState":{"showFog":true,"showMaterialUpdate":false,"showSkybox":false,"showFlares":true,"showImageEffects":true,"showParticleSystems":true},"in2DMode":false,"pivot":{"x":0.0,"y":3.506666898727417,"z":0.3400000035762787},"rotation":{"x":-0.08701245486736298,"y":-0.0651075690984726,"z":0.005697934422641993,"w":-0.9940646290779114},"size":5.384604454040527,"orthographic":false}