{"cameraMode":{"drawMode":0,"name":"Shaded","section":"Shading Mode"},"sceneLighting":true,"audioPlay":false,"sceneViewState":{"showFog":true,"showMaterialUpdate":false,"showSkybox":true,"showFlares":true,"showImageEffects":true,"showParticleSystems":true},"in2DMode":false,"pivot":{"x":-32.127017974853519,"y":-22.974740982055665,"z":101.40044403076172},"rotation":{"x":-0.2077585756778717,"y":0.7910600900650024,"z":-0.43042346835136416,"w":-0.38183221220970156},"size":2.527932643890381,"orthographic":false}