{"cameraMode":{"drawMode":0,"name":"Shaded","section":"Shading Mode"},"sceneLighting":false,"audioPlay":false,"sceneViewState":{"showFog":true,"showMaterialUpdate":false,"showSkybox":false,"showFlares":true,"showImageEffects":true,"showParticleSystems":true},"in2DMode":false,"pivot":{"x":-0.17194396257400514,"y":1.8537527322769166,"z":-1.1920928955078126e-7},"rotation":{"x":-0.27916768193244936,"y":-0.6800794005393982,"z":0.3167668282985687,"w":-0.5993555188179016},"size":7.232748508453369,"orthographic":false}