{"cameraMode":{"drawMode":0,"name":"Shaded","section":"Shading Mode"},"sceneLighting":true,"audioPlay":false,"sceneViewState":{"showFog":true,"showMaterialUpdate":false,"showSkybox":false,"showFlares":true,"showImageEffects":true,"showParticleSystems":true},"in2DMode":false,"pivot":{"x":0.9928313493728638,"y":0.49912500381469729,"z":0.6799488067626953},"rotation":{"x":0.3675098121166229,"y":-0.02733478508889675,"z":0.010807937942445279,"w":0.929557204246521},"size":6.630964279174805,"orthographic":false}