{"cameraMode":{"drawMode":0,"name":"Shaded","section":"Shading Mode"},"sceneLighting":true,"audioPlay":false,"sceneViewState":{"showFog":true,"showMaterialUpdate":true,"showSkybox":true,"showFlares":true,"showImageEffects":true,"showParticleSystems":true},"in2DMode":false,"pivot":{"x":89.67022705078125,"y":-455.943359375,"z":-322.615478515625},"rotation":{"x":0.2904072403907776,"y":0.25351792573928835,"z":-0.08009075373411179,"w":0.9192366600036621},"size":2438.458251953125,"orthographic":false}