{"cameraMode":{"drawMode":0,"name":"Shaded","section":"Shading Mode"},"sceneLighting":true,"audioPlay":false,"sceneViewState":{"showFog":true,"showMaterialUpdate":false,"showSkybox":false,"showFlares":true,"showImageEffects":true,"showParticleSystems":true},"in2DMode":false,"pivot":{"x":44.19038772583008,"y":-26.819087982177736,"z":47.86078643798828},"rotation":{"x":-0.4179432988166809,"y":-0.02807195484638214,"z":0.012921399436891079,"w":-0.9079516530036926},"size":76.90673828125,"orthographic":false}