{"cameraMode":{"drawMode":0,"name":"Shaded","section":"Shading Mode"},"sceneLighting":true,"audioPlay":false,"sceneViewState":{"showFog":false,"showMaterialUpdate":false,"showSkybox":false,"showFlares":false,"showImageEffects":false,"showParticleSystems":false},"in2DMode":false,"pivot":{"x":0.029897689819335939,"y":11.647869110107422,"z":89.25346374511719},"rotation":{"x":0.26227831840515139,"y":0.6291105151176453,"z":-0.23852361738681794,"w":0.6917645931243897},"size":9.775866508483887,"orthographic":false}