{"cameraMode":{"drawMode":0,"name":"Shaded","section":"Shading Mode"},"sceneLighting":false,"audioPlay":false,"sceneViewState":{"showFog":true,"showMaterialUpdate":false,"showSkybox":false,"showFlares":true,"showImageEffects":true,"showParticleSystems":true},"in2DMode":false,"pivot":{"x":7.288000106811523,"y":4.380000114440918,"z":2.5999999046325685},"rotation":{"x":0.3675098121166229,"y":-0.02733478508889675,"z":0.010807937942445279,"w":0.929557204246521},"size":24.8064022064209,"orthographic":false}