{"cameraMode":{"drawMode":0,"name":"Shaded","section":"Shading Mode"},"sceneLighting":true,"audioPlay":false,"sceneViewState":{"showFog":false,"showMaterialUpdate":false,"showSkybox":false,"showFlares":false,"showImageEffects":false,"showParticleSystems":false},"in2DMode":false,"pivot":{"x":62.55681228637695,"y":-159.0383758544922,"z":282.57098388671877},"rotation":{"x":-0.3510511815547943,"y":-0.02331458032131195,"z":0.008743890561163426,"w":-0.9360255599021912},"size":275.0480651855469,"orthographic":false}