{"cameraMode":{"drawMode":0,"name":"Shaded","section":"Shading Mode"},"sceneLighting":true,"audioPlay":false,"sceneViewState":{"showFog":true,"showMaterialUpdate":true,"showSkybox":true,"showFlares":true,"showImageEffects":true,"showParticleSystems":true},"in2DMode":false,"pivot":{"x":-22.24359130859375,"y":-48.617496490478519,"z":44.856468200683597},"rotation":{"x":-0.006289546377956867,"y":-0.8993134498596191,"z":0.4370810389518738,"w":-0.012940572574734688},"size":47.20988082885742,"orthographic":false}