{"cameraMode":{"drawMode":0,"name":"Shaded","section":"Shading Mode"},"sceneLighting":false,"audioPlay":false,"sceneViewState":{"showFog":true,"showMaterialUpdate":false,"showSkybox":false,"showFlares":true,"showImageEffects":true,"showParticleSystems":true},"in2DMode":false,"pivot":{"x":29.294095993041993,"y":1.1997685432434083,"z":10.0},"rotation":{"x":-0.27916768193244936,"y":-0.6800794005393982,"z":0.3167668282985687,"w":-0.5993555188179016},"size":5.2823638916015629,"orthographic":false}