{"cameraMode":{"drawMode":0,"name":"Shaded","section":"Shading Mode"},"sceneLighting":true,"audioPlay":false,"sceneViewState":{"showFog":false,"showMaterialUpdate":false,"showSkybox":false,"showFlares":false,"showImageEffects":false,"showParticleSystems":false},"in2DMode":false,"pivot":{"x":78.10990905761719,"y":-63.8927001953125,"z":130.68421936035157},"rotation":{"x":0.5922107100486755,"y":0.013293899595737458,"z":-0.009772279299795628,"w":0.8056175708770752},"size":241.009765625,"orthographic":false}