{"cameraMode":{"drawMode":0,"name":"Shaded","section":"Shading Mode"},"sceneLighting":false,"audioPlay":false,"sceneViewState":{"showFog":true,"showMaterialUpdate":false,"showSkybox":false,"showFlares":true,"showImageEffects":true,"showParticleSystems":true},"in2DMode":false,"pivot":{"x":7.288000106811523,"y":58.24500274658203,"z":2.6000003814697267},"rotation":{"x":0.060476094484329227,"y":0.11205501109361649,"z":-0.006832399405539036,"w":0.9918393492698669},"size":226.83738708496095,"orthographic":true}