{"cameraMode":{"drawMode":0,"name":"Shaded","section":"Shading Mode"},"sceneLighting":false,"audioPlay":false,"sceneViewState":{"showFog":true,"showMaterialUpdate":false,"showSkybox":false,"showFlares":true,"showImageEffects":true,"showParticleSystems":true},"in2DMode":false,"pivot":{"x":-1.69679856300354,"y":2.377631187438965,"z":0.0006129592657089233},"rotation":{"x":0.17163653671741486,"y":0.2949245572090149,"z":-0.05394101142883301,"w":0.9384317994117737},"size":2.0183329582214357,"orthographic":true}