{"cameraMode":{"drawMode":0,"name":"Shaded","section":"Shading Mode"},"sceneLighting":false,"audioPlay":false,"sceneViewState":{"showFog":true,"showMaterialUpdate":false,"showSkybox":false,"showFlares":true,"showImageEffects":true,"showParticleSystems":true},"in2DMode":false,"pivot":{"x":29.43527603149414,"y":1.059814691543579,"z":-1.1920928955078126e-7},"rotation":{"x":0.4430696964263916,"y":0.23813317716121674,"z":-0.12333785742521286,"w":0.8554412722587586},"size":2.038767099380493,"orthographic":true}