{"cameraMode":{"drawMode":0,"name":"Shaded","section":"Shading Mode"},"sceneLighting":false,"audioPlay":false,"sceneViewState":{"showFog":true,"showMaterialUpdate":false,"showSkybox":false,"showFlares":true,"showImageEffects":true,"showParticleSystems":true},"in2DMode":false,"pivot":{"x":-3.8743019104003908e-7,"y":-1.4901161193847657e-7,"z":0.28000134229660036},"rotation":{"x":0.20374849438667298,"y":-0.5518094897270203,"z":0.14119471609592439,"w":0.7962841391563416},"size":0.6640148162841797,"orthographic":true}