{"cameraMode":{"drawMode":0,"name":"Shaded","section":"Shading Mode"},"sceneLighting":true,"audioPlay":false,"sceneViewState":{"showFog":true,"showMaterialUpdate":true,"showSkybox":true,"showFlares":true,"showImageEffects":true,"showParticleSystems":true},"in2DMode":false,"pivot":{"x":1.9292562007904053,"y":-62.621253967285159,"z":87.67283630371094},"rotation":{"x":-0.6033862233161926,"y":-0.07694602757692337,"z":0.05865335837006569,"w":-0.791560709476471},"size":74.77859497070313,"orthographic":false}