{"cameraMode":{"drawMode":0,"name":"Shaded","section":"Shading Mode"},"sceneLighting":true,"audioPlay":false,"sceneViewState":{"showFog":true,"showMaterialUpdate":false,"showSkybox":false,"showFlares":true,"showImageEffects":true,"showParticleSystems":true},"in2DMode":false,"pivot":{"x":-0.6890368461608887,"y":0.9024757742881775,"z":0.16286909580230714},"rotation":{"x":0.13444988429546357,"y":0.7325296401977539,"z":-0.15154312551021577,"w":0.6498950123786926},"size":4.623734474182129,"orthographic":false}