{"cameraMode":{"drawMode":0,"name":"Shaded","section":"Shading Mode"},"sceneLighting":false,"audioPlay":false,"sceneViewState":{"showFog":true,"showMaterialUpdate":false,"showSkybox":false,"showFlares":true,"showImageEffects":true,"showParticleSystems":true},"in2DMode":false,"pivot":{"x":7.288000106811523,"y":0.05999999865889549,"z":6.489999771118164},"rotation":{"x":0.2638396918773651,"y":-0.002893127966672182,"z":0.0007939011557027698,"w":0.9645697474479675},"size":1.5000572204589844,"orthographic":false}