{"cameraMode":{"drawMode":0,"name":"Shaded","section":"Shading Mode"},"sceneLighting":false,"audioPlay":false,"sceneViewState":{"showFog":true,"showMaterialUpdate":true,"showSkybox":false,"showFlares":true,"showImageEffects":true,"showParticleSystems":true},"in2DMode":false,"pivot":{"x":-10.599998474121094,"y":-36.0,"z":61.099998474121097},"rotation":{"x":-0.18131032586097718,"y":0.7755239605903626,"z":-0.2568366229534149,"w":-0.5474705696105957},"size":34.29460525512695,"orthographic":false}