{"cameraMode":{"drawMode":0,"name":"Shaded","section":"Shading Mode"},"sceneLighting":false,"audioPlay":false,"sceneViewState":{"showFog":true,"showMaterialUpdate":false,"showSkybox":false,"showFlares":true,"showImageEffects":true,"showParticleSystems":true},"in2DMode":false,"pivot":{"x":29.43527603149414,"y":1.059814691543579,"z":-1.1920928955078126e-7},"rotation":{"x":0.26354506611824038,"y":0.23714981973171235,"z":-0.06701302528381348,"w":0.9326433539390564},"size":1.9624285697937012,"orthographic":true}