{"cameraMode":{"drawMode":0,"name":"Shaded","section":"Shading Mode"},"sceneLighting":true,"audioPlay":false,"sceneViewState":{"showFog":true,"showMaterialUpdate":false,"showSkybox":false,"showFlares":true,"showImageEffects":true,"showParticleSystems":true},"in2DMode":false,"pivot":{"x":92.07684326171875,"y":-23.330459594726564,"z":48.9799919128418},"rotation":{"x":-0.4179432988166809,"y":-0.02807195484638214,"z":0.012921399436891079,"w":-0.9079516530036926},"size":157.4866485595703,"orthographic":false}