{"cameraMode":{"drawMode":0,"name":"Shaded","section":"Shading Mode"},"sceneLighting":true,"audioPlay":false,"sceneViewState":{"showFog":false,"showMaterialUpdate":false,"showSkybox":false,"showFlares":false,"showImageEffects":false,"showParticleSystems":false},"in2DMode":false,"pivot":{"x":7.398068428039551,"y":-21.630840301513673,"z":77.35626983642578},"rotation":{"x":0.26227831840515139,"y":0.6291105151176453,"z":-0.23852361738681794,"w":0.6917645931243897},"size":30.51625633239746,"orthographic":false}