{"cameraMode":{"drawMode":0,"name":"Shaded","section":"Shading Mode"},"sceneLighting":false,"audioPlay":false,"sceneViewState":{"showFog":false,"showMaterialUpdate":false,"showSkybox":false,"showFlares":false,"showImageEffects":false,"showParticleSystems":false},"in2DMode":false,"pivot":{"x":28.299999237060548,"y":28.600000381469728,"z":-145.8000030517578},"rotation":{"x":0.5333054065704346,"y":0.0030480464920401575,"z":-0.0019191257888451219,"w":0.8459306955337524},"size":22.0,"orthographic":false}