{"cameraMode":{"drawMode":0,"name":"Shaded","section":"Shading Mode"},"sceneLighting":true,"audioPlay":false,"sceneViewState":{"showFog":true,"showMaterialUpdate":true,"showSkybox":true,"showFlares":true,"showImageEffects":true,"showParticleSystems":true},"in2DMode":false,"pivot":{"x":75.22136688232422,"y":-23.059215545654298,"z":-6.481315612792969},"rotation":{"x":-0.5404277443885803,"y":-0.04362652078270912,"z":0.028076134622097017,"w":-0.8397930264472961},"size":235.12701416015626,"orthographic":false}