{"cameraMode":{"drawMode":0,"name":"Shaded","section":"Shading Mode"},"sceneLighting":false,"audioPlay":false,"sceneViewState":{"showFog":true,"showMaterialUpdate":false,"showSkybox":false,"showFlares":true,"showImageEffects":true,"showParticleSystems":true},"in2DMode":false,"pivot":{"x":29.223506927490236,"y":1.2697453498840333,"z":15.0},"rotation":{"x":-0.27916768193244936,"y":-0.6800794005393982,"z":0.3167668282985687,"w":-0.5993555188179016},"size":5.810601234436035,"orthographic":false}